,precision,recall,f1,accuracy,auc,average_prec
lower CI,62.18433161474153,66.55201723903451,66.51839267502139,60.66678152997933,65.11845048908911,70.37924336206966
mean,68.37362034872743,74.09861301262109,70.99595945770157,66.04596299634203,71.27058900115114,75.26580411903896
upper CI,73.20291635979379,82.02048875295459,73.59005706671785,69.5882150241213,75.05376131178365,79.14933429370159
