,acc,prec,recall,f1-score,brier,roc_auc,pr
mean,0.6660080159230146,0.700155051554827,0.6429979569795341,0.6701236058760647,0.2165921874020881,0.7146657134360003,0.716588615608788
lower_CI,0.6272866116475126,0.6552531137002813,0.5971697641886491,0.6295701581027668,0.20294910062058052,0.67360080858696,0.6711309925176892
upper_CI,0.702570576685393,0.7407977642276422,0.6931582377476538,0.7108672304094839,0.22986250423666912,0.7542204319495813,0.7601096554248657
