,acc,prec,recall,f1-score,brier,roc_auc,pr
mean,0.6644890796370407,0.6890000220042474,0.6691083123818596,0.6786516542849027,0.21836093026805514,0.7361459546140927,0.7467620657767837
lower_CI,0.6292372347029838,0.6428352490421456,0.6254271582733812,0.6329540189540189,0.21208379099681787,0.6998378555665066,0.6996522416313645
upper_CI,0.6987399246769904,0.7296402502606882,0.7193440362454447,0.7160135135135135,0.2249231221063303,0.7726407329956516,0.7910243009628889
