,acc,prec,recall,f1-score,brier,roc_auc,pr
mean,0.6840671861588642,0.6899323404729304,0.7427070613285967,0.7151495320519887,0.2102229850370992,0.7413364865234441,0.7249709724060034
lower_CI,0.6550740168991052,0.6558295018349011,0.7046103961900901,0.6864604810996564,0.19808150033627656,0.7078534377522926,0.6833661099029825
upper_CI,0.7152354717320968,0.7257953020134228,0.7849913777032065,0.748268425486966,0.22127496329932822,0.7758992639624782,0.769901345213891
