,precision,recall,f1,accuracy,auc,average_prec
lower CI,65.42507361366965,70.21957831325302,70.56117271189626,65.0723638869745,71.65657303541552,75.3301093562243
mean,70.5701477056532,76.15978663917588,73.20651981863271,68.75838804454277,74.79263715928825,78.29006015221279
upper CI,73.41273014603682,81.1380163592553,75.67195638436085,71.0406616126809,76.91814241620189,80.7382703766836
