,precision,recall,f1,accuracy,auc,average_prec
lower CI,69.95770895770896,68.23022173335225,70.55654566129715,67.91523087525843,74.1073012296,76.96117189974082
mean,73.09262242447534,74.15434110052148,73.53371053740432,70.13783597518952,76.49302571039969,79.88103804515238
upper CI,76.24292212608158,80.48549402306146,76.16130032088681,72.00379048931771,79.06573060837768,82.73584427769715
