,acc,prec,recall,f1-score,brier,roc_auc,pr
mean,0.6614409638714016,0.7030974748875032,0.7062448485901457,0.7040891397082131,0.21179786353777,0.7221914383949546,0.7683752801865309
lower_CI,0.6284945671223763,0.6627181073929103,0.6455160609385199,0.6689333333333333,0.20036672292216412,0.6898357831532265,0.7318495930828132
upper_CI,0.6919992822992431,0.7413014283496351,0.7683299067982455,0.7363170603543189,0.22489610505375965,0.7520470906466862,0.7989459594203184
