,acc,prec,recall,f1-score,brier,roc_auc,pr
mean,0.6623112053132683,0.7036023099480831,0.7086141665719161,0.7054956828960716,0.2107533143311363,0.7251958674079065,0.7696547346220821
lower_CI,0.6308596283823086,0.6653287625490893,0.6402664244626097,0.6689671690009985,0.19882130102579237,0.6963156372210809,0.73727541477897
upper_CI,0.6969093037245172,0.7410597451790634,0.764888781836461,0.7406064461407973,0.2240274359042149,0.7552861388734586,0.8036926082592218
