,acc,prec,recall,f1-score,brier,roc_auc,pr
mean,0.6662971495956734,0.7035685668821173,0.7237150601851162,0.7129860941030859,0.20672440094459288,0.7361322834339362,0.7761925822312647
lower_CI,0.6328341643537624,0.6637697777130654,0.6635267471958585,0.6810371517027864,0.19404651936550701,0.7047833101241225,0.7376872454639993
upper_CI,0.7002029639411329,0.7421722379392495,0.7866319746655775,0.7454712464510382,0.22001950733315434,0.7728109265165068,0.8111822907394647
