,acc,prec,recall,f1-score,brier,roc_auc,pr
mean,0.6645394549340783,0.7023878936857783,0.7230698123969339,0.7121668369770197,0.20725874543947037,0.7344591973601746,0.7751980929776562
lower_CI,0.6336269728105701,0.6644686777380703,0.6684133670510302,0.6807054287220172,0.19634892038851526,0.7023108468845811,0.742155972203794
upper_CI,0.6916388335723905,0.7387833333333333,0.7712128293191897,0.7393381169959458,0.22139809040601593,0.7631752393789155,0.8080799664862935
